bezeichnung,synonyme,beschreibung,quelle,begriffsklasse,indikatorid,wikipedia,Änderung Primärbezeichnung ggü. Indikatorliste,kommentar,snik,hito,dbpedia
Fall,administrativer Fall; Episode,"Ein Fall ist ein auf ein Krankheitsbild bezogener stationärer Aufenthalt eines Patienten in einer Versorgungseinrichtung von der Aufnahme über die Verlegung bis zur Entlassung oder eine Folge ambulanter Behandlungen.  Ein Fall wird als eine Einheit abgerechnet, er wird durch eine Fallnummer gekennzeichnet. ",,Datenobjekt,,,administrativer Fall -> Fall,,,,
Arbeitsablauf,Workflow,"Als Arbeitsablauf (oder Arbeitsfolge; englisch workflow) wird in der Organisationslehre die räumliche und zeitliche Reihenfolge von funktional, physikalisch oder technisch zusammengehörenden Arbeitsvorgängen an einem Arbeitsplatz bezeichnet.",Wikipedia,Sonstiges,,https://de.wikipedia.org/wiki/Arbeitsablauf,,,,,
Business Continuity Management,Betriebliches Kontinuitätsmanagement; BCM,"Ziel des BCM ist es sicherzustellen, dass der Geschäftsbetrieb selbst bei massiven Schadensereignissen nicht unterbrochen wird (Prävention) oder nach einem Ausfall in angemessener Zeit fortgeführt werden kann(Reaktion).",Modernisierter BSI-Standard 200-4 Business Continuity Management,Aufgabe,,https://de.wikipedia.org/wiki/Betriebliches_Kontinuitätsmanagement,Business Continuity -> Business Continuity Management,,,,
Integrität,Datenintegrität,Integrität bezeichnet die Sicherstellung der Korrektheit (Unversehrtheit) von Daten und der korrekten Funktionsweise von Systemen.,"IT-Grundschutz-Kompendium Edition 2021, BSI",Qualitätskriterium,,https://de.wikipedia.org/wiki/Datenintegrität,Datenintegrität -> Integrität,,,,
Disaster Recovery Management,Katastrophenwiederherstellung; Notfallwiederherstellung,"Der englische Begriff Disaster Recovery (im Deutschen auch Katastrophenwiederherstellung oder Notfallwiederherstellung genannt) bezeichnet Maßnahmen, die nach einem Unglücksfall in der Informationstechnik eingeleitet werden. Dazu zählt sowohl die Datenwiederherstellung als auch das Ersetzen nicht mehr benutzbarer Infrastruktur, Hardware und Organisation.",Wikipedia,Aufgabe,,https://de.wikipedia.org/wiki/Disaster_Recovery,,,,,
Effizienz,,"Etwas ist effizient, wenn es (für ein fixes Ergebnis) nur einen kleinen Aufwand benötigt oder aber bei einem feststehenden Aufwand das bessere Ergebnis liefert; dagegen ist effektiv alles, was ein gewünschtes Ergebnis erreicht.",Wiktionary,Qualitätskriterium,,https://de.wikipedia.org/wiki/Effizienz,,,,,
Green IT,,"Unter Green IT (seltener auch Green ICT) versteht man Bestrebungen, die Nutzung von Informations- und Kommunikationstechnik (IKT) über deren gesamten Lebenszyklus hinweg umwelt- und ressourcenschonend zu gestalten. Dies beinhaltet die Optimierung des Ressourcenverbrauchs während der Herstellung, des Betriebs und der Entsorgung der Geräte (Green in der IT). Ein weiterer Aspekt von Green IT ist die Energieeinsparung durch den Einsatz von Informationstechnik (IT), wenn beispielsweise Dienstreisen durch Videokonferenzen ersetzt werden (Green durch IT).",Wikipedia,Technologisches Themengebiet,,https://de.wikipedia.org/wiki/Green_IT,,,,,
Informationssicherheit,,"Als Informationssicherheit bezeichnet man Eigenschaften von informationsverarbeitenden und -lagernden (technischen oder nicht-technischen) Systemen, die die Schutzziele Vertraulichkeit, Verfügbarkeit und Integrität sicherstellen. Informationssicherheit dient dem Schutz vor Gefahren bzw. Bedrohungen, der Vermeidung von wirtschaftlichen Schäden und der Minimierung von Risiken.",Wikipedia,Qualitätskriterium,,https://de.wikipedia.org/wiki/Informationssicherheit,,,,,
Interoperabilität,,"Interoperabilität ist die Fähigkeit zweier oder mehrerer Informationssystemkomponenten, Informationen auszutauschen und die ausgetauschte Information zu verwenden.","Winter A., Haux R., Ammenwerth E., Brigl B., Hellrung N., Jahn F. (2011). Health Information Systems. Architectures and Strategies. London: Springer.",Qualitätskriterium,,https://de.wikipedia.org/wiki/Interoperabilität,,,,,
Intrusion-Prevention-System (IPS),,"Als Intrusion-Prevention-Systeme (kurz: IPS) werden Intrusion-Detection- Systeme (kurz: IDS) bezeichnet, die über die reine Generierung von Ereignissen (Events) hinaus Funktionen bereitstellen, die einen entdeckten Angriff abwehren können.",Wikipedia,Anwendungssystem,,https://de.wikipedia.org/wiki/Intrusion_Prevention_System,,,,,
IT-Compliance,,"IT-Compliance beschreibt in der Unternehmensführung die Einhaltung der gesetzlichen, unternehmensinternen und vertraglichen Regelungen im Bereich der IT-Landschaft. [...] Zu den Compliance-Anforderungen in der IT gehören hauptsächlich Informationssicherheit, Verfügbarkeit, Datenaufbewahrung und Datenschutz.",Wikipedia,Qualitätskriterium,,https://de.wikipedia.org/wiki/IT-Compliance,,,,,
IT-Governance,,"Zuständigkeiten, Verantwortlichkeiten und Entscheidungsbefugnisse so festlegen, dass Informationstechnologie in einer Weise in dem Unternehmen eingesetzt wird, wie es zum Erreichen der Unternehmensziele erforderlich ist.des Managements und ist ein wesentlicher Bestandteil der Unternehmensführung.","nach Weill, P. and J. Ross (2004). IT Governance - How top performers manage IT decisions right for superior results. Boston, Massachusetts, Harvard Business school press",Sonstiges,IMA1,https://de.wikipedia.org/wiki/IT-Governance,,,,,
Key-User,,"besonders geschulte Anwender innerhalb des Krankenhauses, welche Aufgaben in der Vor-Ort-Betreuung von Anwendungssystemen übernehmen","Ammenwerth, Elske; Haux, Reinhold; Knaup-Gregori, Petra; Winter, Alfred. IT-Projektmanagement im Gesundheitswesen - Lehrbuch und Projektleitfaden. Stuttgart: Schattauer; 2014.",Sonstiges,IM11SQ002;IM11_SQ002;IM10,https://de.wikipedia.org/wiki/Key-User,,,,,
Kosten-Nutzen-Analyse,,"Methode  zur Kostenanalyse,  welche  die  Kosten  verschiedener Alternativen  in  Beziehung  zu  ihrem  monetär  quantifizierten  Nutzen stellt.  Die  jeweiligen  Kosten  ergeben  sich  durch  eine Kostenvergleichsrechnung,  die Quantifizierung  des  Nutzens  muss  hier  monetär erfolgen","Ammenwerth, Elske; Haux, Reinhold; Knaup-Gregori, Petra; Winter, Alfred. IT-Projektmanagement im Gesundheitswesen - Lehrbuch und Projektleitfaden. Stuttgart: Schattauer; 2014.",Sonstiges,IMK6SQ004,https://de.wikipedia.org/wiki/Kosten-Nutzen-Analyse,,,,,
Nutzen,,"Die Betriebswirtschaftslehre untersucht den Nutzen insbesondere mit Hilfe der Kosten-Nutzen-Analyse und zudem die Ausprägungen funktionaler (Basisfunktion), ökonomischer (Effizienz), prozessbezogener (Handhabung), emotionaler (des Nutzers) und sozialer (im sozialen Umfeld) Nutzen.",Wikipedia,Qualitätskriterium,,https://de.wikipedia.org/wiki/Nutzen,,,,,
Patientensicherheit,,Der Begriff der Patientensicherheit umschreibt das erfolgreiche Bemühen um eine fehler- und schadensfreie ärztliche Behandlung und medizinische Gesundheitsversorgung als Resultat aller Maßnahmen zur Bewahrung von Patienten vor vermeidbaren Schäden in Zusammenhang mit der Heilbehandlung. Die Patientensicherheit ist ein wichtiger Bestandteil der Qualitätssicherung in der Medizin.,Wikipedia,Qualitätskriterium,SAAD_SQ001; KHZG_F04_E01.02.3; KHZG_F05_E01.01.3; IMS37,https://de.wikipedia.org/wiki/Patientensicherheit,,,,,
Patientenversorgung,,"Die Patientenversorgung gehört zu den wichtigsten Aufgaben des ärztlichen Berufsstandes und des Pflegepersonals. Sie umfasst auf ärztlicher Seite die Begrüßung eines Patienten, die Erhebung der Krankengeschichte (Anamnese) und des körperlichen Untersuchungsbefundes, die Erhebung weiterer Befunde mittels technischer oder laborchemischer Verfahren und die Information des Patienten hierüber, die Festlegung der Diagnose, die Planung, Erklärung und Durchführung einer Therapie und den Aufbau sowie die Aufrechterhaltung eines Vertrauensverhältnisses zwischen Arzt und Patient. Der Begriff wird insbesondere zur Abgrenzung gegenüber anderen Aufgaben des Arztes (Verwaltung, Management, Dokumentation, Fortbildung, Forschung) verwendet.
 Auf Seiten des Pflegepersonals umfasst sie alle Bereiche der Krankenpflege.",Wikipedia,Aufgabe,,https://de.wikipedia.org/wiki/Patientenversorgung,,,,,
Risikomanagement,,"Führungsaufgabe, im Rahmen derer die Risiken einer Organisation identifiziert, analysiert und bewertet werden. Hierzu sind übergeordnete Ziele, Strategien und Politik der Organisation für das Risikomanagement festzulegen.", Wikipedia nach ISO 31000: 2009,Aufgabe,,https://de.wikipedia.org/wiki/Risikomanagement,,,,,
Telemedizin,Telemedizinischer Austausch,"Die Telemedizin ist ein Teilbereich der Telematik im Gesundheitswesen und bezeichnet Diagnostik und Therapie unter Überbrückung einer räumlichen oder auch zeitlichen („asynchron“) Distanz zwischen Arzt (Telearzt), Therapeut (Teletherapeut), Apotheker und Patienten oder zwischen zwei sich konsultierenden Ärzten mittels Telekommunikation.",Wikipedia,Technologisches Themengebiet,,https://de.wikipedia.org/wiki/Telemedizin,,,,,
Unified Communications,,"Unified Communications (UC) (englisch für „vereinheitlichte Kommunikation“), oft auch Real-Time Communication (RTC) (englisch für „Echtzeitkommunikation“) genannt, beschreibt die Integration von Kommunikationsmedien in einer einheitlichen Anwendungsumgebung. Durch eine Zusammenführung aller Kommunikationsdienste und die Integration mit Präsenzfunktionen, wie sie aus Instant Messengern bekannt sind, wird die Erreichbarkeit von Kommunikationspartnern in verteilter Arbeit verbessert und so geschäftliche Prozesse beschleunigt.",Wikipedia,Technologisches Themengebiet,,https://de.wikipedia.org/wiki/Unified_Communications,,,,,
Unternehmensanwendungsintegration (UAI),,"Unternehmensanwendungsintegration (UAI) oder Enterprise Application Integration (EAI) ist ein Konzept zur unternehmensweiten Integration der Geschäftsfunktionen entlang der Wertschöpfungskette, die über verschiedene Applikationen auf unterschiedlichen Plattformen verteilt sind und die im Sinne der Daten- und Geschäftsprozessintegration verbunden werden können. Das Ziel ist die integrierte Geschäftsabwicklung durch ein Netzwerk unternehmensinterner Applikationen verschiedener Generationen und Architekturen.",Wikipedia,Qualitätskriterium,,https://de.wikipedia.org/wiki/Enterprise_Application_Integration,,,,,
Versorgungsqualität,,"Kerndimensionen der Versorgungsqualität sind: Effektivität, Sicherheit, Patientenorientierung; weitere Dimensionen sind: Zugang zur Versorgung, Angemessenheit, Rechtzeitigkeit, Mitarbeiterorientierung und Vergütung.
 Die Optimierung der Versorungungsqualität / Qualität der medizinischen Leistung umfasst Effektivität, Sicherheit, Patientenorientierung, Zugang zur Versorgung, Angemessenheit, Rechtzeitigkeit, Mitarbeiterorientierung und Vergütung. Somit beinhaltet die Optimierung der Versorungungsqualität auch eine Verbesserung der Patientensicherheit (Sicherheit) und der Patientenversorgung (Effektivität, Patientenorientierung, Zugang, Angemessenheit, Rechtzeitigkeit).","Uwe Buddrus nach Karen Pottkämper, AQUA – Institut für angewandte Qualitätsförderung und Forschung im Gesundheitswesen, Göttingen, https://www.gkv-spitzenverband.de/media/dokumente/pflegeversicherung/qualitaet_in_der_pflege/fachtagung_pflegenoten_11_09_2012/2012-09-11_C_Vortrag_Pottkaemper.pdf",Qualitätskriterium,,,,,,,
Rollenbasierte Zugriffskontrolle (RBAC),,"Role Based Access Control (RBAC; deutsch: Rollenbasierte Zugriffskontrolle) ist in Mehrbenutzersystemen oder Rechnernetzen ein Verfahren sowie ein Entwurfsmuster zur Zugriffssteuerung und -kontrolle auf Dateien oder Dienste. ... Die alternative Methode, einem realen Benutzer (User) direkt Rechte und Zugriffe auf verschiedene Systeme zu geben, stellt sich durch die steigende Zahl von Benutzern als unübersichtlich und daher fehlerträchtig dar. Das auf Benutzerrollen basierende Konzept soll nun die Rechte anhand von Arbeitsprozessen abstrahieren.",Wikipedia,Sonstiges,,https://de.wikipedia.org/wiki/Role_Based_Access_Control,,,,,
IT-Sicherheit mobiler Endgeräte,,"Zu den Maßnahmen zur Gewährleistung der IT-Sicherheit auf mobilen Endgeräten gehören sowohl technische Vorkehrungen (Virenschutz- und Firewall-Programme) als auch organisatorische Regelungen (Gerätemanagement, Handlungsanweisungen). Um zu verhindern, das wichtige Daten in falsche Hände geraten, ist zudem eine komplette Verschlüsselung des Datenspeichers sinnvoll. Weiterhin hat sich der Einsatz von starken Authentifizierungsmethoden (Zertifikat, Token) bewährt. Im Unternehmenseinsatz unterstützt zumeist eine zentrale Managementlösung (Mobile Device Management) den IT-Bereich bei der Administration der mobilen Endgeräte, z.B. um die Aktualität der Sicherheitssoftware zu gewährleisten.",SecuPedia,Qualitätskriterium,,,,,,,
Ergebnisqualität (Medizin),,"Ergebnisqualität beschreibt in der Medizin die Effekte der Patientenbehandlung, d.h. die Veränderungen im Gesundheitsstatus des Patienten (z. B. in Bezug auf Mortalität, Morbidität, Kosten).","Winter A., Haux R., Ammenwerth E., Brigl B., Hellrung N., Jahn F. (2011). Health Information Systems. Architectures and Strategies. London: Springer. ",Qualitätskriterium,,https://de.wikipedia.org/wiki/Qualitätsmodell_nach_Donabedian,,,,,
Strukturebene (allgemein),,Digitale Fähigkeiten und Bereitschaft,Digital Maturity Evaluation Model (DME),Sonstiges,,,,,,,
Prozessebene (allgemein),,Digitale Nutzung und Prozessunterstützung,Digital Maturity Evaluation Model (DME),Sonstiges,,,,,,,
Ergebnisebene (allgemein),,Digitale Nutzenstiftung,Digital Maturity Evaluation Model (DME),Sonstiges,,,,,,,
Strukturebene (Organisatorisches Umfeld),Struktur_Organisation,"Ressourcen, Tools und Programme, sowie regulatorische Anforderungen, die in Bezug auf digitale Reife partizipative und innovationsfördernde Aktivitäten im organisatorischen Kontext fördern.",Digital Maturity Evaluation Model (DME),Sonstiges,,,,,,,
Prozessebene (Organisatorisches Umfeld),Prozess_Organisation,"Partizipative und innovationsfördernde Aktivitäten im organisatorischen Kontext (Anwender, Top- und mittleres Mgmt, Vor- und nachsorgende LE, Hersteller(?)), die eine innovationfreundliche Organisationskultur i.S. digitaler Reife fördern.",Digital Maturity Evaluation Model (DME),Sonstiges,,,,,,,
Ergebnisebene (Organisatorisches Umfeld),Ergebnis_Organisation,"Ausgeprägte Innovationskultur, die die Entwicklung und nachhaltige Umsetzung digitale Reife (durch das Informationsmanagement) fördert.",Digital Maturity Evaluation Model (DME),Sonstiges,,,,,,,
Strukturebene (Informationsmanagement),Struktur_IM,"Ressourcen, Tools, Programme, sowie institutionalisierte Funktionen und formale Regelwerke die eine professionelle Durchführung von Informationsmanagement-Aktivitäten ermöglichen.",Digital Maturity Evaluation Model (DME),Sonstiges,,,,,,,
Prozessebene (Informationsmanagement),Prozess_IM,"Formalisierte und regelmäßig durchgeführte IM Aktivitäten auf die strategischer, taktischer und operativer Ebene, die in ihrer Gesamtheit die Entwicklung und nachhaltige Umsetzung digitaler Reife (einer Digitalisierungsstrategie) fördern",Digital Maturity Evaluation Model (DME),Sonstiges,,,,,,,
Ergebnisebene (Informationsmanagement),Ergebnis_IM,"Ein sicheres, stets innovatives (agiles) und performantes Informationssystem, das auf den einrichtungsspezifischen Bedarf ausgerichtet ist.",Digital Maturity Evaluation Model (DME),Sonstiges,,,,,,,
Strukturebene (Klinisches Anwendungsfeld),Struktur_Anwendung,"Technische Ressourcen, die medizinische, pflegerische, therapeutische und administrative Prozesse unterstützen, um- oder neu gestalten.",Digital Maturity Evaluation Model (DME),Sonstiges,,,,,,,
Prozessebene (Klinisches Anwendungsfeld),Prozess_Anwendung,"Medizinische, pflegerische, therapeutische und administrative Prozesse, die durch Informationstechnologien unterstützt, um- oder neu gestaltet werden.",Digital Maturity Evaluation Model (DME),Sonstiges,,,,,,,
Ergebnisebene (Klinisches Anwendungsfeld),Ergebnis_Anwendung,"Ein Informationssystem, dass von den Anwendern (IT-Stakeholdern) vor dem Hintergrund der einrichtungs- und bereichsspezifischen Erfordernisse als nützlich und nutzenstiftend eingeschätzt wird. ",Digital Maturity Evaluation Model (DME),Sonstiges,,,,,,,
Strukturen der IT Governance,,"Hierunter fallen insbesondere die Existenz von Plänen und institutionalisierten Funktionen zur Gewährleistung / Umsetzung / Erreichung von strategischem Alignment, Anwenderakzeptanz und einer Digitalisierungskultur, z.B. Digitsalisierungsstrategie, Transformationspläne, interprofessioneller IT-Steuerungskreis, CIO, CMIO, CNIO, Key User",Digital Maturity Evaluation Model (DME),Sonstiges,,,,,,,
"Strukturen für Vorschlagswesen, Partizipation und Austausch",,"Hierunter fallen Methoden, Anwendungssysteme, Funktionalitäten, z.B. i-Pipe, Quiet Spaces, Foren, IT-Newsletter",Digital Maturity Evaluation Model (DME),Sonstiges,,,,,,,
Strukturen der Data Governance und Data Science,,"Hierunter fallen insbesondere interne Datenstandards und Richtlinien zur Kontrolle der Datennutzung sowie personelle Ressourcen, Systeme, Funktionalitäten und Algorithmen zur Extraktion von Erkenntnissen aus Daten, z.B. Datawarehouse, BI-Tools, Data Scientists.",Digital Maturity Evaluation Model (DME),Sonstiges,,,,,,,
Anwendungssysteme und Funktionalitäten in der Krankenhausverwaltung,,"Hierunter fallen insbesondere Anwendungssysteme und Funktionalitäten zur (Langzeit)Archivierung von Patienteninformationen, zum QM, zur Betriebssteuerung (Controlling), Kosten- und Leistungsrechnung, FiBu, Gebäude- und Flächenmanagement",Digital Maturity Evaluation Model (DME),Anwendungssystem,,,,,,,
"Richtlinien, Regelwerke & Gesetzgebung",Leitlininien; medizinische Leitlinien; leitliniengerecht,"Hierunter fallen alle Richtlinien, Regelwerke & Gesetze deren Einhaltung in der Organsiaton gewährleistet sein muss, sofern nicht anderweitig zugeordnet (z.B. i.R.v.  IT-Sicherheit), z.B. Pflegerichtlinien, Krankenhausleitlinien, interne Verfahrensanweisungen.",Digital Maturity Evaluation Model (DME),Datenobjekt,KHZG_F04_E01.02.1; KHZG_F04_I01.06.1,,,,,,
IT-Ressourcen,IT-Personal und -Budget,"Hierunter fallen alle Indikatoren, die die Verfügbarkeit von personellen und finanziellen Ressourcen beschreiben, z.B. Budget, Personal, Funktionen (IT-Leitung, Projektleitung, Support-Mitarbeiter)",Digital Maturity Evaluation Model (DME),Sonstiges,,,,,,,
Strukturen zur Gewährleistung von IT Compliance / Informationssicherheit,,"Hierunter fallen alle strukturellen Indikatoren (u.A. Regelwerke und Anwendungssysteme), die insbesondere Informationssicherheit, Verfügbarkeit, Datenaufbewahrung und Datenschutz betreffen, z.B. Compliance Regeln; BYOD Policy; Verfügbarkeit von Intrusion Detection und Prevention Systemen.",Digital Maturity Evaluation Model (DME),Sonstiges,,,,,,,
Strukturen zur Gewährleistung der Betriebssicherheit / Business Continuity,,"Hierunter fallen alle strukturellen Indikatoren (u.A. Pläne, physische Datenverarbeitungssysteme und Anwendungssysteme), die der Sicherstellung eines unterbrechungsfreien Betriebes sowie der ggf. notwendigen Datenwiederherstellung dienen, z.B. Datenzentren, Notstromversorgung, Datenbackup- und -wiederherstellungssysteme, vorhandener Business Continutiy Plan.",Digital Maturity Evaluation Model (DME),Sonstiges,,,,,,,
Strukturen des IT-Service Management,,"Hierunter fallen alle strukturellen Indikatoren, die der Anwenderorientierung und Sicherstellung von Anwenderzufriedenheit dienen, z.B. Help-Desk, Ticket-System.",Digital Maturity Evaluation Model (DME),,,,,,,,
Anwendungssysteme & Funktionalitäten im IM,,"Hierunter fallen insbesondere Werkzeuge und Anwendungssysteme zum IT-Projekt- und Produktmanagement, z.B. Wiki zur Projekt-Dokumentation, Software zum Management von Produktlebenszyklen. ",Digital Maturity Evaluation Model (DME),,,,,,,,
Endgerät,,"Hierunter fallen alle Indikatoren, die Verfügbarkeit und Zustand von stationären und mobilen Endgeräten zur Unterstützung klinischer Prozesse beschreiben, z.B. PCs, Laptops, Computers-on-Wheels, Tablets, PDAs, Mobiltelefone.",Digital Maturity Evaluation Model (DME),Physisches Datenverarbeitungssystem,,,,,,,
Peripherie und medizintechnische Geräte,,"Hierunter fallen alle Indikatoren, die Peripherie & (integrierte) medizintechnische Geräte betreffen, z.B. Dokumentenscanner, Kartentermininals, Track & Trace-Technologien (insb. Bluetooth, RFID, Barcodes), Robotik, automatisierte Stellsysteme, Geräte zur Vitalwerterfassung, digitale Diktiergeräte.",Digital Maturity Evaluation Model (DME),Physisches Datenverarbeitungssystem,,,,,,,
Anwendungssysteme & Funktionalitäten im klinischen Betrieb,klinische Anwendungssysteme,"Hierunter fallen alle klinischen fachübergreifenden Anwendungssysteme (z.B. KIS, KAS, PAS, ePA, EMR), alle Fachabteilungssysteme (z.B. RIS, LIS) und spezielle Anwendungssysteme und Funktionalitäten zur Unterstützung klinischer Prozesse, bspw. zum Dokumenten- und Bilddatenmanagement (z.B. DMS, PACS, IDC, VNA), zur Echtzeitkommunikation, zur Spracherkennung, klinische Entscheidungsunterstützungssysteme (z.B. Wissensdatenbanken, Rules Engine, Workflow-Engine, KI-Anwendungen) sowie zur Patienteneinbeziehung (z.B. Patientportale, Apps) und für Telemedizin.",Digital Maturity Evaluation Model (DME),Anwendungssystem,,,,,,,
Terminologiestandard,Begriffssystem; Terminologie,"Hierunter fällt die Nutzung standardisierter systematisierter medizinischer Nomenklatur (z.B. SNOMED CT, NANDA/NIC/NOC, LOINC, OBO, IDMP, ATC) und standardisierter Beschreibungen und Kodierungen von Diagnosen und Prozeduren (z.B. ICD-10 oder OPS-301) in klinischen Anwendungen zur Gewährleistung semantischer Interoperabilität, sowie die Standardisierung der elektronischen Identifikation von Patienten und Nutzern (z.B. durch Konformität mit GS1)",Digital Maturity Evaluation Model (DME),Standard,KHZG_F03_I01.05.1,,,,,,
Interoperabilitätsstandard,Kommunikationsstandard,"Hierunter fallen alle Indikatoren der Integration und strukturellen Interoperabilität der verfügbaren informationstechnischen Ausstattung durch Schnittstellen und Standards, z.B. HL7 V3, DICOM, HL7 FHIR, etc.",Digital Maturity Evaluation Model (DME),Standard,,,,,,,
Netzwerkstrukturen des klinischen Betriebs,,"Hierunter fallen Netzwerkstrukturen des klinischen Betriebs, die primär der Sicherstellung des Datenzugriffs im Regelbetrieb (d.h. NICHT primär der Sicherstellung der Betriebssicherheit) dienen, z.B. Server, Servercluster, Router, LAN, Cloud Computing, sowie insbesondere die Verfügbarkeit von informationstechnischer Ausstattung zur Unterstützung des mobilen Zugriffs auf Patientendaten- und -infomationen (u.A. WLAN, mobile Anwendungen).",Digital Maturity Evaluation Model (DME),Physisches Datenverarbeitungssystem,,,,,,,
Strukturen der sektorenübergreifenden Vernetzung,,"Hierunter fallen alle Indikatoren der Verfügbarkeit und Nutzung von informationstechnischer Ausstattung und Strukturen zur Unterstützung der sektorenübergreifenden Versorgung, z.B. Nutzung der TI (TI-Konnektor, Kartenterminal, E-Health-Konnektor), eGK, Bundeseinheitlicher Medikationsplan, MPI/Eindeutige Patientenidentifikationsnummer, eindeutige Versorgeridentifikationsnummern. ",Digital Maturity Evaluation Model (DME),Sonstiges,,,,,,,
Aktivitäten zur Unterstützung von Anwender-Compliance,,"Hierunter fallen insbesondere Aktivitäten / Aufgaben zur Unterstützung von Anwender-Compliance, z.B. Incentivierung von Systemnutzung",Digital Maturity Evaluation Model (DME),Aufgabe,,,,,,,
Aktivitäten zur Partizipation in IT-Projekten,,"Hierunter fallen insbesondere partizipative Aktivitäten bei der Initiierung neuer IT-Projekte, der Spezifizierung, Auswahl und Implementierung neuer IT-Anwendungen, z.B. Anwenderbefragungen.",Digital Maturity Evaluation Model (DME),Aufgabe,,,,,,,
Aktivitäten zur Kommunikation & zum Austausch von IT-Erfahrungen,,"Hierunter fallen insbesondere Aktivitäten zur regelhaften Kommunikation der Entwicklung des Informationssystems an Mitarbeiter sowie Aktivitäten des proaktiven kooperativen und funktionsübergreifenden Austauschs (insb. zw. Klinikern, IT und Administration) für eine fortlaufende Optimierung des Krankenhausinformationssystems, z.B. Treffen eines interdisziplinären Steuerungskreises.",Digital Maturity Evaluation Model (DME),Aufgabe,,,,,,,
Aktivitäten des Organisations- und Prozessmanagements,,"Hierunter fallen insbesondere Aktivitäten des Data- und Process-Mining sowie innovative Datenanalysen für die Betriebssteuerung (Controlling) zur Unterstützung von Business Intelligence und einer lernenden Organisation, z.B. Analysen zur Nutzung von klinischer Entscheidungsunterstützung",Digital Maturity Evaluation Model (DME),Aufgabe,,,,,,,
Aktivitäten der Forschung & Lehre,,"Hierunter fallen insbesondere Aktivitäten des Forschungsmanagements, der Durchführung von Forschungsaktivitäten, der Wissensrecherche und des Literaturmanagements, des Publizierens und Präsentierens sowie der Lehre.",Digital Maturity Evaluation Model (DME),Aufgabe,,,,,,,
Aktivitäten des Qualitätsmanagements & der Konformitätskontrolle,,"Hierunter fallen insbesondere Aktivitäten, die die Einhaltung von Qualitätsvorgaben, Richtlinien, Regelwerken & Gesetzen beschreiben bzw. nachweisen, z.B. Umgang mit MDK-Anfragen, Erstellung von Qualitätsberichten.",Digital Maturity Evaluation Model (DME),Aufgabe,,,,,,,
Aktivitäten des IT-Projektportfolio- und Innovations-Managements,,"Hierunter fallen Prozesse und Aktivitäten / Aufgaben des strategischen IM, die dem Management von Innovation und dem Management des Projektportfolios führen, z.B. Vorschlagswesen, Projektpriorisierung.",Digital Maturity Evaluation Model (DME),Aufgabe,,,,,,,
Aktivitäten des Informationssicherheits-Risikomanagements,,"Hierunter fallen Prozesse und Aktivitäten / Aufgaben des strategischen und operativen IM, die der Sicherstellung von Informationssicherheit dienen, z.B. Maßnahmen zur Umsetzung von Datenschutzrichtlinien und -gesetzen.",Digital Maturity Evaluation Model (DME),Aufgabe,,,,,,,
Aktivitäten des Betriebssicherheits-Risikomanagements,,"Hierunter fallen Prozesse und Aktivitäten / Aufgaben des strategischen und operativen IM, die der Sicherstellung eines unterbrechungsfreien Betriebes sowie der ggf. notwendigen Datenwiederherstellung dienen, z.B. Wartungs / Instandhaltungsmassnahmen, Disaster Recovery Übungen",Digital Maturity Evaluation Model (DME),Aufgabe,,,,,,,
Aktivitäten des IT-Service Managements,,"IT Service Management ist eine Sichtweise auf das Informationsmanagement, die sich an der Kundenperspektive des Beitrags der IT zum Unternehmen / zum Krankenhaus orientiert. Es hat die Aufgabe kundenorientierte Dienstleistungen zu entwickeln, bereitzustellen und zu verbessern. ITIL (IT Infastructure Library) ist der De-Factor-Standard für das IT Service Management und definiert z. B. Prozesse für das Incident und Problem Management und das Change Management.",Digital Maturity Evaluation Model (DME),Aufgabe,,,,,,,
Aktivitäten des taktischen Informationsmanagements,,"Planung, Steuerung, Überwachung von IT-Projekten",Digital Maturity Evaluation Model (DME),Aufgabe,,,,,,,
Aktivitäten des IT-Monitorings und der Evaluation,,"Hierunter fallen sämtliche Prozesse und Aktivitäten / Aufgaben der strategischen und operativen Überwachung des Betriebes, z.B. Auswertungen zur Systemnutzung, Anwenderbefragungen.",Digital Maturity Evaluation Model (DME),Aufgabe,,,,,,,
Ergebnisindikator für Strategisches Alignment,,"Hierunter fallen insbesondere Indikatoren, die zeigen, dass die Ziele der Organisation im Sinne einer IT-strategischen Ausrichtung mit der dazu genutzten IT-Infrastruktur harmonieren. z.B. Einschätzung des IT-Engagements der KH-Leitung, der Intrapreneurship",Digital Maturity Evaluation Model (DME),Qualitätskriterium,,,,,,,
Ergebnisindikator für eine Innovations- bzw. Digitalisierungskultur,,"Hierunter fallen insbesondere Indikatoren, die Normen, Wertvorstellungen und Denkhaltungen im Zusammenhang mit Innovation und Digitalisierung beschreiben bzw. nachweisen, z.B. Anwenderakzeptanz von IT",Digital Maturity Evaluation Model (DME),Qualitätskriterium,,,,,,,
Ergebnisindikator von Business Intelligence & Lernender Organisation,,"Hierunter fallen insbesondere Indikatoren, die Nutzen für die Organisation (Zeit, Geld, Sicherheit) sowie Forschungs(daten)qualität beschreiben bzw. nachweisen.",Digital Maturity Evaluation Model (DME),Qualitätskriterium,,,,,,,
Ergebnisindikator der Konformität mit Richtlinien & Gesetzen,,"Hierunter fallen alle Indikatoren, die Konformität mit Richtlinien & Gesetzen beschreiben bzw. nachweisen.",Digital Maturity Evaluation Model (DME),Qualitätskriterium,,,,,,,
Ergebnisindikator von Agilität & Innovation,,"Hierunter fallen alle Indikatoren, die auf Anpassungsfähigkeit an sich ändernde Anforderungen hindeuten.",Digital Maturity Evaluation Model (DME),Qualitätskriterium,,,,,,,
Ergebnisindikator der IT Compliance / Informationssicherheit,,"Hierunter fallen alle Indikatoren, die Ergebnisse der IT Compliance / Informationssicherheit beschreiben oder nachweisen, z.B. Anzahl abgewehrter Angriffe, Gewährleistung Datenschutz. ",Digital Maturity Evaluation Model (DME),Qualitätskriterium,,,,,,,
Ergebnisindikator der Betriebssicherheit / Business Continuity,,"Hierunter fallen alle Indikatoren, die Ergebnisse der Betriebssicherheit / Business Continuity beschreiben oder nachweisen, z.B. Ausfallzeiten, Notfalldatenverfügbarkeit.",Digital Maturity Evaluation Model (DME),Qualitätskriterium,,,,,,,
"Ergebnisindikator der IT-Serviceleistung, Anwenderorientierung & Anwenderzufriedenheit",,"Hierunter fallen alle Indikatoren, die Ergebnisse der IT-Serviceleistung, Anwenderorientierung beschreiben oder nachweisen, z.B. Anwenderzufriedenheit.",Digital Maturity Evaluation Model (DME),Qualitätskriterium,,,,,,,
Ergebnisindikator des IT-Projektmanagements,,"Hierunter fallen alle Indikatoren, die Ergebnisse des IT-Projektmanagements beschreiben oder nachweisen, z.B. Einhaltung von Projektlaufzeiten.",Digital Maturity Evaluation Model (DME),Qualitätskriterium,,,,,,,
Ergebnisindikator von Wirtschaftlichkeit & Erfolg digitaler Projekte,,"Hierunter fallen alle Indikatoren, die Ergebnisse der Wirtschaftlichkeit & des Erfolges digitaler Projekte beschreiben oder nachweisen, z.B. Nutzenberechnungen oder -nachweise.",Digital Maturity Evaluation Model (DME),Qualitätskriterium,,,,,,,
Nutzen für klinische Abläufe und sektorenübergreifende Vernetzung,,"Hierunter fallen Ergebnisse der Informationsversorgung, Prozessunterstützung und Zeiteinsparung, z.B. bessere Steuerung des Einsatzes von Personal, Zeit, Raum und Material; höhere Qualität der OP-Dokumentation; bessere interdisziplinäre Zusammenarbeit im Überleitungsmanagement.",Digital Maturity Evaluation Model (DME),Qualitätskriterium,,,,,,,
Persönliche Nutzen für Anwender,,"Hierunter fallen Ergebnisse, die eine intrinsische Motivation der Anwender zur IT-Nutzung darstellen, z.B. weniger Zeitaufwand für Routinetätigkeiten; weniger Überstunden; mehr Zeit am Patienten; bessere Work-Life-Balance; bessere Berufsperspektiven; höhere Jobsicherheit.",Digital Maturity Evaluation Model (DME),Qualitätskriterium,,,,,,,
Nutzen für den Patienten,,"Hierunter fallen Ergebnisse, die unmittelbar und direkt dem Patienten nützen, z.B. höhere Patientensicherheit, bessere Patientenversorgung, Vermeidung von ADEs, niedrigere Infektionsrate post-OP.",Digital Maturity Evaluation Model (DME),Qualitätskriterium,,,,,,,
Nutzerfreundlichkeit der IT,Benutzerfreundlichkeit;Nutzerfreundlichkeit,"Hierunter fallen indirekte Nutzen bzw. Ergebnisindikatoren eines nutzerfreundlichen KIS, z.B. leichte Bedienbarkeit, einmalige Anmeldung (Single Sign-on), systembedingte Wartezeiten, Funktionsumfang, Anmeldungsoptionen, Arbeitsplatzwechsel / Sitzungskontinuität, Unterstützung klinischer Arbeitszeiterfassung.",Digital Maturity Evaluation Model (DME),Qualitätskriterium,PSZ_SQ001;PSZ_SQ002;PSZ_SQ003;PSZ_SQ004;PSZ_SQ005;PSZ_SQ006;PSZ_SQ007;KDZ_SQ001;KDZ_SQ002;KDZ_SQ003;KDZ_SQ004;KDZ_SQ005;KDZ_SQ006;KDZ_SQ007;KDZ_SQ008;KDZ_SQ009;KDZ_SQ010;KDZ_SQ011;VFZ_SQ001;VFZ_SQ003;VFZ_SQ004;SFZ_SQ001;SFZ_SQ002;SFZ_SQ004;SFZ_SQ005;TMZ_SQ001;TMZ_SQ002;ENZ_SQ001;ENZ_SQ002;ENZ_SQ003;ENZ_SQ004;ENZ_SQ005;EPZ_SQ001;IMA12_9;EUZ_SQ001;EUZ_SQ002;EUZ_SQ003;EUZ_SQ004;EUZ_SQ005;EUZ_SQ006;LBZ_SQ001;LBZ_SQ002;LBZ_SQ003;LBZ_SQ004;LBZ_SQ005;LBZ_SQ006;AUZ_SQ001;AUZ_SQ002;AUZ_SQ003,https://de.wikipedia.org/wiki/Benutzerfreundlichkeit,,,,,
Aufnahmemanagement,,"Hierunter fallen insbesondere Prozesse und Aktivitäten / Aufgaben / Aufgaben der Vormerkung und Einbestellung von Patienten inkl. Notfälle, Kommunikation mit externen Leistungserbringern und Patienteneinbindung, Termin- und Ressourcenmanagement, administrative, ärztliche und pflegerische Aufnahme",Digital Maturity Evaluation Model (DME),Aufgabe,,,,,,,
"Anamnese, Erstdiagnose, Behandlungs-, Therapie-, Pflegeplanung",,"Hierunter fallen insbesondere Prozesse und Aktivitäten / Aufgaben der Beurteilung des medizinischen Problems und des Pflegebedarfes, inkl. klinische Entscheidungsunterstützung bei der Erstellung und Fortschreibung ärztlicher und pflegerischer Behandlungspläne.",Digital Maturity Evaluation Model (DME),Aufgabe,,,,,,,
Leistungsanforderung,,"Hierunter fallen sämtliche Leistungsanforderungen zur Diagnostik sowie pflegerische und therapeutische Aufträge, Anordnungen, Verordnungen und Anweisungen, inkl. Termin- und Ressourcenmanagement und klinischer Entscheidungsunterstützung.
 NB: Medikation und OP werden separat (bzw. doppelt) erfasst!",Digital Maturity Evaluation Model (DME),Aufgabe,LBV1SQ001x;LBV1SQ002x;LBV1SQ003x;LBV1SQ004x;LBV1SQ005x;LBV1SQ006x;LBV2SQ001;LBV2SQ002;LBV2SQ003;LBV2SQ004;LBV2SQ005;LBV2SQ006;LBZ_SQ001;LBZ_SQ002;LBZ_SQ003;LBZ_SQ004;LBZ_SQ005;LBZ_SQ006;LBP_SQ001;LBP_SQ002;LBP_SQ003;LBP_SQ004;LBP_SQ005;LBP_SQ006;VIDUESQ003_SVx;VIDUESQ003_MVx;OPDUESQ003_VOPx;OPDUESQ003_OPNx;OPDUESQ003_OPIx,,,,,,
Medikationsmanagement & Arzneimitteltherapiesicherheit (AMTS),,"Hierunter fallen sämtliche Prozesse und Aktivitäten / Aufgaben des Medikationsmanagements & zur Sicherstellung der Arzneimitteltherapiesicherheit (AMTS) insbesondere Abgleich mit Heimmedikation, klinische Entscheidungsunterstützung während der Verordnung, Validierung, Stellen/Richten/Herstellen, Gabe und Dokumentation sowie Rezeptschreibung für Entlassmedikation. Unter Medikationsmanagement fallen auch Betäubungsmittel, Chemotherapie, Blutprodukte und Brustmilch.",Digital Maturity Evaluation Model (DME),Aufgabe,KHZG_F04_I01.04.1,,,,,,
OP-Management,,"Hierunter fallen sämtliche Prozesse und Aktivitäten / Aufgaben rund um Operationen und Prozeduren, inkl. Anforderung, Planung, Vorbereitung, Anästhesie, intra-operative und post-operative Dokumentation.",Digital Maturity Evaluation Model (DME),Aufgabe,,,,,,,
"Vorbereitung & Durchführung diagnostischer, therapeutischer oder pflegerischer Massnahmen",,"Hierunter fallen sämtliche Prozesse und Aktivitäten / Aufgaben, die vorbereitend bzw. zur/während der Leistungserbringung notwendig sind, z.B. Probenentnahme für Diagnostik,Bestätigung (ggf. Anpassung) des Auftragsinhaltes, Durchführungs-Zeitplans und der Allokation der benötigten Ressourcen, z.B. Raum, Material, Geräte, Personal, Kommunikation des Durchführungs-Zeitplans an alle relevanten Beteiligten (Patienten, Durchführende und Ressourcen-Bereitstellende), Terminbestätigung und ggf. kurzfrisitge Stornierung / Verschieben des Termins",Digital Maturity Evaluation Model (DME),Aufgabe,,,,,,,
"Leistungsdokumentation Diagnostik, Therapie und Pflege",,"Hierunter fallen sämtliche Prozesse und Aktivitäten / Aufgaben sowie Datenobjekte der Befunderstellung und Befundrückmeldung der Diagnostik sowie die ärztliche und pflegerische Dokumentation (inkl. Notfallversorgung und Intensivmedizin) der Durchführung und Ergebnisse von Pflege- und Behandlungsleistungen, also Verlaufsdokumentaton, Pflegeberichte, Arztbriefe, und der Diagnosen- bzw. Massnahmen-Klassierung.",Digital Maturity Evaluation Model (DME),Aufgabe,,,,,,,
"Verlegungs-, Entlassungs- und Überleitungsmanagement",,"Hierunter fallen sämtliche Prozesse und Aktivitäten / Aufgaben sowie Datenobjekte des internen und externen Verlegungs-, Überleitungs- und Entlassungsmanagements, insbesondere die administrative und ärztliche Entlassung, Leistungsabrechnung, (Erstellung) und Übermittlung autorisierter Dokumentation, Verordnungen und Anordnungen zur Entlassung (z.B. Hilfsmittel, Entlassmedikation) sowie Massnahmen der Patienteneinbindung.",Digital Maturity Evaluation Model (DME),Aufgabe,,,,,,,
"Versorgungsmanagement, Ressourcenplanung und Arbeitsorganisation",,"Hierunter fallen sämtliche Prozesse und Aktivitäten / Aufgaben sowie Datenobjekte der Abrechnung, Belegung, klinischen Materialversorgung, des (klinischen) Personalmanagements (Zeiterfassung und Dienstplanung), Services für Patienten, Zentralsterilisation.",Digital Maturity Evaluation Model (DME),Aufgabe,OP2SQ003x,,,,,,
Anästhesieplanungs- & managementsystem,AMS,"Anwendungssystem zur Dokumentation von Narkosezeiten, Personal, Medikation, Anästhesieverfahren, besondere Maßnahmen etc., kann Teil des Patientendatenmanagementsystems sein.",,Anwendungssystem,,,,,,,
Apothekenmanagementsystem,,"Anwendungssystem zur Unterstützung der Aufgaben in der Apotheke (Entgegennahme von Medikamentenanforderungen, Management des Medikamentenbestands, Logistik von Medikamenten im Krankenhaus)","Winter A., Haux R., Ammenwerth E., Brigl B., Hellrung N., Jahn F. (2011). Health Information Systems. Architectures and Strategies. London: Springer.",Anwendungssystem,,,,,,,
Arzneimittelinformationssystem,Arzneimitteldatenbank,"Anwendungssystem für die elektronische Darstellung einer umfassenden Sammlung von Medikamentendaten z. B. Dosierungsangaben, Verpackungen, Teilbarkeiten und Interaktionschecks.",,Anwendungssystem,,,,,,,
Medikationssystem,AMTS-System;CPOE-System für Medikation,"Anwendungssystem zur sicheren Verordnung und Verabreichung von Arzneimitteln unter Berücksichtigung der korrekten Verordnung, deren korrekter Umsetzung und unter Einbeziehung der Therapietreue. Es können Funktionalitäten zur Entscheidungsunterstützung integriert sein.",,Anwendungssystem,,,,,,,
Leistungsanforderungssystem,System für Klinischen Auftrag; CPOE-System (ohne Medikation),Anwendungssystem für Auftrags- und Terminmanagement und ggf. Befundkommunikation für Leistungs- und Funktionsstellen sowie Kombination mit einem Entscheidungsunterstützungssystem (EUS) ,,Anwendungssystem,,,,,,,
Belegungsmanagementsystem,,Anwendungssystem zur Unterstützung einer optimalen Auslastung der vorhandenen Bettenkapazitäten.,,Anwendungssystem,,,,,,,
Business-Intelligence-System,BI-System; Data-Warehouse-System,Data-Warehouse-basiertes Anwendungssystem zur Erstellung von Reports für das Krankenhausmanagement,"Winter A., Haux R., Ammenwerth E., Brigl B., Hellrung N., Jahn F. (2011). Health Information Systems. Architectures and Strategies. London: Springer.",Anwendungssystem,,,,,,,
Digitales Archivierungssystem,Digitales Archivsystem,"Anwendungssystem zur Unterstützung der revisionssicheren Langzeitarchivierung von patientenbezogenen und anderen Daten und Dokumenten basierend auf satandardisierten Datenformaten, Dokumentenformaten und Schnittstellen","Winter A., Haux R., Ammenwerth E., Brigl B., Hellrung N., Jahn F. (2011). Health Information Systems. Architectures and Strategies. London: Springer.",Anwendungssystem,,,,,,,
Digitales Diktatsystem,Diktiersystem,Anwendungssystem für die digitale Sprachaufnahme und Spracherkennung,"Winter A., Haux R., Ammenwerth E., Brigl B., Hellrung N., Jahn F. (2011). Health Information Systems. Architectures and Strategies. London: Springer.",Anwendungssystem,,,,,,,
Dokumentenmanagementsystem,,Anwendungssystem zum Management großer elektronischer Datenmengen und der Zugriffsberechtigung auf diese.,,Anwendungssystem,,,,,,,
